Purchasing Doc.,Item,Material,Short Text,PO Quantity,Order Unit,Net Price,Crcy,Vendor ID,Cost Ctr,G/L Account,Deletion Indicator
4500018823,00010,IB-SRV-760XA,PowerEdge R760xa 4x L40S,2,EA,66900.00,USD,V100482,CC-AI-INF,1520000,
4500018823,00020,IB-SW-7050CX3,Arista 7050CX3-32S switch,1,EA,21400.00,USD,V100482,CC-AI-INF,1520000,
4500018823,00030,IB-OPT-Q100SR4,100G SR4 QSFP transceiver,12,EA,375.00,USD,V100482,CC-AI-INF,1520000,
4500018823,00040,,100G DAC cable 3m,4,EA,95.00,USD,V100482,CC-AI-INF,1520000,
4500018823,00050,IB-PDU-17K,Switched PDU 0U 17.3kW,2,EA,1790.00,USD,V100482,CC-DC-FAC,1520000,
4500018823,00060,,ProSupport Plus 3Y NBD,2,EA,4200.00,USD,V100482,CC-AI-INF,6410000,
4500018823,00070,,NVIDIA AI Enterprise per GPU 1Y,8,EA,4500.00,USD,V100482,CC-AI-INF,6420000,
4500018823,00080,,Rack and stack installation labor,16,H,145.00,USD,V100482,CC-AI-INF,1520000,
4500018823,00090,,Freight and handling,1,EA,850.00,USD,V100482,CC-AI-INF,6400000,
4500018823,00100,,Cage nuts and screws kit,2,KIT,35.00,USD,V100482,CC-AI-INF,6400000,
4500018823,00110,IB-PSU-2400,Spare PSU 2400W titanium,4,EA,610.00,USD,V100482,CC-AI-INF,1520000,
4500018823,00120,IB-OPT-Q100LR4,100G LR4 QSFP transceiver,4,EA,890.00,USD,V100482,CC-AI-INF,1520000,L
