Purchasing Doc.,Item,Material,Vendor Material,Mfr Part Number,Short Text,PO Quantity,Order Unit,Net Price,Crcy,Vendor,Vendor ID,Doc. Date,Deliv. Date,Cost Ctr,G/L Account
4500018823,10,IB-SRV-760XA,NW-DL-760XA-L40S,R760XA-CTO-L40S,PowerEdge R760xa 4x L40S,2,EA,66900.00,USD,Northwind IT Supply (sample),V100482,2026-06-10,2026-08-05,CC-AI-INF,1520000
4500018823,20,IB-SW-7050CX3,NW-AR-7050CX3,DCS-7050CX3-32S,Arista 7050CX3-32S switch,1,EA,21400.00,USD,Northwind IT Supply (sample),V100482,2026-06-10,2026-07-22,CC-AI-INF,1520000
4500018823,30,IB-OPT-Q100SR4,NW-AR-Q100SR4,QSFP-100G-SR4,100G SR4 QSFP transceiver,10,EA,375.00,USD,Northwind IT Supply (sample),V100482,2026-06-10,2026-07-01,CC-AI-INF,1520000
4500018823,40,,NW-CB-DAC3,CAB-Q28-DAC-3M,100G DAC cable 3m,4,EA,95.00,USD,Northwind IT Supply (sample),V100482,2026-06-10,2026-06-20,CC-AI-INF,1520000
4500018823,50,IB-PDU-17K,NW-PDU-17K,PDU-SW-0U-17K,Switched PDU 0U 17.3kW,2,EA,1790.00,USD,Northwind IT Supply (sample),V100482,2026-06-10,2026-07-08,CC-AI-INF,1520000
4500018823,60,,NW-DL-PSP3,PS-PLUS-3Y-NBD,ProSupport Plus 3Y NBD,2,EA,4200.00,USD,Northwind IT Supply (sample),V100482,2026-06-10,2026-08-05,CC-AI-INF,6410000
4500018823,70,,NW-NV-AIE1Y,NVAIE-SUB-1Y-GPU,NVIDIA AI Enterprise per GPU 1Y,8,EA,4500.00,USD,Northwind IT Supply (sample),V100482,2026-06-10,2026-08-05,CC-AI-INF,6420000
4500018823,80,,NW-LAB-RACK,,Rack and stack installation labor,16,H,145.00,USD,Northwind IT Supply (sample),V100482,2026-06-10,2026-08-14,CC-AI-INF,1520000
4500018823,90,,NW-FRT,,Freight and handling,1,EA,850.00,USD,Northwind IT Supply (sample),V100482,2026-06-10,2026-08-05,CC-AI-INF,6400000
4500018823,100,,NW-CON-CAGE,,Cage nuts and screws kit,2,KIT,35.00,USD,Northwind IT Supply (sample),V100482,2026-06-10,2026-06-20,CC-AI-INF,6400000
