PO_NUMBER,LINE_NUM,VENDOR_NUM,ITEM,MANUFACTURER_PART_NUMBER,ITEM_DESCRIPTION,QUANTITY,UOM_CODE,UNIT_PRICE,CURRENCY_CODE,COST_CENTER,CHARGE_ACCOUNT,PROJECT_TASK,DESTINATION_TYPE_CODE,ATTRIBUTE1
4500018823,10,V100482,IB-SRV-760XA,R760XA-CTO-L40S,"PowerEdge R760xa server, 2x Xeon Gold 65",2,EA,66900.0,USD,CC-AI-INF,1520000,,capex,hw-r760xa-cto-l40s
4500018823,20,V100482,IB-SW-7050CX3,DCS-7050CX3-32S,"Arista 7050CX3-32S switch, 32x 100GbE QS",1,EA,21400.0,USD,CC-AI-INF,1520000,,capex,hw-dcs-7050cx3-32s
4500018823,30,V100482,IB-OPT-Q100SR4,QSFP-100G-SR4,100GBASE-SR4 QSFP100 transceiver,10,EA,375.0,USD,CC-AI-INF,1520000,,capex,hw-qsfp-100g-sr4
4500018823,40,V100482,,CAB-Q28-DAC-3M,100G QSFP28 passive DAC cable 3m,4,EA,95.0,USD,CC-AI-INF,1520000,,capex,hw-cab-q28-dac-3m
4500018823,50,V100482,IB-PDU-17K,PDU-SW-0U-17K,"Switched rack PDU, zero-U, 17.3kW, 3-pha",2,EA,1790.0,USD,CC-AI-INF,1520000,,capex,hw-pdu-sw-0u-17k
4500018823,60,V100482,,PS-PLUS-3Y-NBD,ProSupport Plus 3 years next business da,2,EA,4200.0,USD,CC-AI-INF,6410000,,opex,svc-ps-plus-3y-nbd
4500018823,70,V100482,,NVAIE-SUB-1Y-GPU,"NVIDIA AI Enterprise subscription, per G",8,EA,4500.0,USD,CC-AI-INF,6420000,,opex,lic-nvaie-sub-1y-gpu
4500018823,80,V100482,,,Rack and stack installation labor,16,HR,145.0,USD,CC-AI-INF,1520000,,,lab-nw-lab-rack
4500018823,90,V100482,,,Freight and handling,1,EA,912.4,USD,CC-AI-INF,6400000,,,soft-nw-frt
4500018823,100,V100482,,,Cage nuts and screws mounting kit,2,KIT,35.0,USD,CC-AI-INF,6400000,,,con-nw-con-cage
