bom_ref,serial,year,depreciation,closing_nbv
hw-r760xa-cto-l40s#7XK2Q34,7XK2Q34,2026,4460.0,62440.0
hw-r760xa-cto-l40s#7XK2Q34,7XK2Q34,2027,13380.0,49060.0
hw-r760xa-cto-l40s#7XK2Q34,7XK2Q34,2028,13380.0,35680.0
hw-r760xa-cto-l40s#7XK2Q34,7XK2Q34,2029,13380.0,22300.0
hw-r760xa-cto-l40s#7XK2Q34,7XK2Q34,2030,13380.0,8920.0
hw-r760xa-cto-l40s#7XK2Q34,7XK2Q34,2031,8920.0,0.0
hw-r760xa-cto-l40s#7XK2Q35,7XK2Q35,2026,4460.0,62440.0
hw-r760xa-cto-l40s#7XK2Q35,7XK2Q35,2027,13380.0,49060.0
hw-r760xa-cto-l40s#7XK2Q35,7XK2Q35,2028,13380.0,35680.0
hw-r760xa-cto-l40s#7XK2Q35,7XK2Q35,2029,13380.0,22300.0
hw-r760xa-cto-l40s#7XK2Q35,7XK2Q35,2030,13380.0,8920.0
hw-r760xa-cto-l40s#7XK2Q35,7XK2Q35,2031,8920.0,0.0
